Policy,Metric,Mean,Std,CI95 Low,CI95 High
transmit_all,Decision Quality,0.001831454231330545,0.0011518129647169178,0.00040151881692096036,0.0032613896457401297
transmit_all,Completed-Task Rate,0.015694444444444445,0.002117770928052348,0.01306530608396995,0.01832358280491894
transmit_all,Energy Consumption (J),117150.0,339.57694268015314,116728.42713085399,117571.57286914601
transmit_all,Latency (s),9658.524599190283,1995.6900919031334,7180.945316776173,12136.103881604393
transmit_all,MMU Utilization (%),82.81322749309635,1.9558689034609698,80.38508482004643,85.24137016614627
transmit_all,RAM Utilization (%),0.0,0.0,0.0,0.0
transmit_all,SEU Events,0,0.0,0.0,0.0
transmit_all,Safe Mode Events,0,0.0,0.0,0.0
greedy_edge,Decision Quality,0.00470180487223408,0.0010546556896260432,0.00339248680862339,0.006011122935844769
greedy_edge,Completed-Task Rate,0.051666666666666666,0.008047769225454521,0.04167564331913794,0.061657690014195396
greedy_edge,Energy Consumption (J),290882.0,1761.3439471040288,288695.35324043775,293068.64675956225
greedy_edge,Latency (s),9922.940150934404,1289.7634147861843,8321.744089153772,11524.136212715037
greedy_edge,MMU Utilization (%),38.164101400814786,1.9136609375125402,35.78835843772532,40.53984436390425
greedy_edge,RAM Utilization (%),0.172859131594182,0.003317209339831705,0.16874093249646532,0.1769773306918987
greedy_edge,SEU Events,0,0.0,0.0,0.0
greedy_edge,Safe Mode Events,0,0.0,0.0,0.0
heuristic,Decision Quality,0.02859583676031211,0.0014237080903927097,0.02682835307971791,0.030363320440906314
heuristic,Completed-Task Rate,0.01597222222222222,0.0004910463758239915,0.01536260536217865,0.016581839082265792
heuristic,Energy Consumption (J),290882.0,1761.3439471040288,288695.35324043775,293068.64675956225
heuristic,Latency (s),753.4112648221344,121.35901579006183,602.7483014314146,904.0742282128542
heuristic,MMU Utilization (%),37.96332308645079,1.9005058072035013,35.60391175643571,40.32273441646588
heuristic,RAM Utilization (%),0.172859131594182,0.003317209339831705,0.16874093249646532,0.1769773306918987
heuristic,SEU Events,0,0.0,0.0,0.0
heuristic,Safe Mode Events,0,0.0,0.0,0.0
rl_astra_ppo_seed7,Decision Quality,0.0,0.0,0.0,0.0
rl_astra_ppo_seed7,Completed-Task Rate,0.0,0.0,0.0,0.0
rl_astra_ppo_seed7,Energy Consumption (J),206012.0,4782.480527926904,200074.71809304762,211949.28190695238
rl_astra_ppo_seed7,Latency (s),0.0,0.0,0.0,0.0
rl_astra_ppo_seed7,MMU Utilization (%),48.77278727479331,3.628571430605637,44.268043057390734,53.277531492195884
rl_astra_ppo_seed7,RAM Utilization (%),0.4389486180960922,0.03623101777584374,0.3939690797467257,0.4839281564454587
rl_astra_ppo_seed7,SEU Events,0,0.0,0.0,0.0
rl_astra_ppo_seed7,Safe Mode Events,0,0.0,0.0,0.0
