Policy,Seed,Decision Quality,Completed-Task Rate,Energy Consumption (J),Latency (s),MMU Utilization (%),RAM Utilization (%),SEU Events,Safe Mode Events
transmit_all,1001,0.0016768731069548564,0.013194444444444444,116985.0,8808.736842105263,82.1506902609718,0.0,0,0
transmit_all,1002,0.0038220076004698788,0.017361111111111112,117495.0,6597.64,84.65635951580883,0.0,0,0
transmit_all,1003,0.001379045480534437,0.013888888888888888,116700.0,11614.4,81.79637065295834,0.0,0,0
transmit_all,1004,0.0008579840619382822,0.018055555555555554,117090.0,10863.846153846154,80.44901339262644,0.0,0,0
transmit_all,1005,0.0014213609067552705,0.01597222222222222,117480.0,10408.0,85.01370364311634,0.0,0,0
greedy_edge,1001,0.004253547631566616,0.05625,287985.0,9742.172839506173,39.16994197392617,0.17785810627889048,0,0
greedy_edge,1002,0.00579997153964718,0.04583333333333333,291655.0,7895.515151515152,39.76972298136313,0.16904325471938186,0,0
greedy_edge,1003,0.004416447251802609,0.041666666666666664,292160.0,10638.416666666666,36.45909970868852,0.17094234302356373,0,0
greedy_edge,1004,0.003316530230479869,0.06180555555555556,292150.0,11334.438202247191,35.74353912355836,0.1737366713569457,0,0
greedy_edge,1005,0.005722527707674125,0.05277777777777778,290460.0,10004.157894736842,39.67820321653777,0.17271528259212826,0,0
heuristic,1001,0.027349122566944953,0.015277777777777777,287985.0,743.5454545454545,38.926634882159846,0.17785810627889048,0,0
heuristic,1002,0.030479214594492477,0.01597222222222222,291655.0,874.6521739130435,39.5677194803096,0.16904325471938186,0,0
heuristic,1003,0.027115334605426138,0.016666666666666666,292160.0,832.25,36.33286872865331,0.17094234302356373,0,0
heuristic,1004,0.028538980385744657,0.01597222222222222,292150.0,757.8260869565217,35.51378374152783,0.1737366713569457,0,0
heuristic,1005,0.029496531648952325,0.01597222222222222,290460.0,558.7826086956521,39.475608599603376,0.17271528259212826,0,0
rl_astra_ppo_seed7,1001,0.0,0.0,209060.0,0.0,47.87496482407151,0.47581426879352867,0,0
rl_astra_ppo_seed7,1002,0.0,0.0,198660.0,0.0,54.70674127283105,0.37837018813682305,0,0
rl_astra_ppo_seed7,1003,0.0,0.0,208400.0,0.0,46.2103772177221,0.44423955578904517,0,0
rl_astra_ppo_seed7,1004,0.0,0.0,210180.0,0.0,45.66207581550605,0.4446775801247897,0,0
rl_astra_ppo_seed7,1005,0.0,0.0,203760.0,0.0,49.40977724383582,0.45164149763627437,0,0
