Policy,Reference,Metric,Mean Difference,Paired SD,CI95 Low,CI95 High
greedy_edge,heuristic,Decision Quality,-0.02389403188807803,0.0010561205353291135,-0.025205168506273214,-0.022582895269882847
greedy_edge,heuristic,Completed-Task Rate,0.035694444444444445,0.008370864558502316,0.025302309568301304,0.04608657932058759
greedy_edge,heuristic,Energy Consumption (J),0.0,0.0,0.0,0.0
greedy_edge,heuristic,Latency (s),9169.52888611227,1332.9717385702272,7514.691205189711,10824.36656703483
greedy_edge,heuristic,MMU Utilization (%),0.2007783143639969,0.04530582868369915,0.1445327164253445,0.2570239123026493
greedy_edge,heuristic,RAM Utilization (%),0.0,0.0,0.0,0.0
greedy_edge,heuristic,SEU Events,0,0.0,0.0,0.0
greedy_edge,heuristic,Safe Mode Events,0,0.0,0.0,0.0
rl_astra_ppo_seed7,heuristic,Decision Quality,-0.02859583676031211,0.0014237080903927097,-0.030363320440906314,-0.02682835307971791
rl_astra_ppo_seed7,heuristic,Completed-Task Rate,-0.01597222222222222,0.0004910463758239915,-0.016581839082265792,-0.01536260536217865
rl_astra_ppo_seed7,heuristic,Energy Consumption (J),-84870.0,5346.719788805095,-91507.76516772927,-78232.23483227073
rl_astra_ppo_seed7,heuristic,Latency (s),-753.4112648221344,121.35901579006183,-904.0742282128542,-602.7483014314146
rl_astra_ppo_seed7,heuristic,MMU Utilization (%),10.809464188342513,2.4637736305767866,7.750775603155348,13.86815277352968
rl_astra_ppo_seed7,heuristic,RAM Utilization (%),0.26608948650191017,0.03345796500210138,0.22455259595098676,0.3076263770528336
rl_astra_ppo_seed7,heuristic,SEU Events,0,0.0,0.0,0.0
rl_astra_ppo_seed7,heuristic,Safe Mode Events,0,0.0,0.0,0.0
transmit_all,heuristic,Decision Quality,-0.026764382528981563,0.0010976752561640602,-0.028127107876230857,-0.02540165718173227
transmit_all,heuristic,Completed-Task Rate,-0.0002777777777777775,0.0021177709280523482,-0.0029069161382522728,0.002351360582696718
transmit_all,heuristic,Energy Consumption (J),-173732.0,1800.144438649299,-175966.81620951343,-171497.18379048657
transmit_all,heuristic,Latency (s),8905.113334368149,2042.5576933008094,6369.349567945006,11440.877100791291
transmit_all,heuristic,MMU Utilization (%),44.84990440664556,0.9431023838219329,43.679075861255356,46.02073295203576
transmit_all,heuristic,RAM Utilization (%),-0.172859131594182,0.003317209339831705,-0.1769773306918987,-0.16874093249646532
transmit_all,heuristic,SEU Events,0,0.0,0.0,0.0
transmit_all,heuristic,Safe Mode Events,0,0.0,0.0,0.0
